{
    "aggressiveness_preflop": 6.799186333000941,
    "aggressiveness_flop": 9.81326083084257,
    "aggressiveness_turn": 12.823253219580684,
    "aggressiveness_river": 6.635058879247206,
    "bluff_probability_preflop": 4.462487784606431,
    "bluff_probability_flop": 6.511528364033651,
    "bluff_probability_turn": 8.325214821100564,
    "bluff_probability_river": 9.825768929925532,
    "tightness_vs_looseness": 10.013640515799093,
    "dynamic_vs_static": 7.465739469272199,
    "bet_size_variability": 5.232590078787846
}