{
    "aggressiveness_preflop": 1.1028227014005867,
    "aggressiveness_flop": -1.0643179761650616,
    "aggressiveness_turn": 1.7532950881002727,
    "aggressiveness_river": -1.587751509973189,
    "bluff_probability_preflop": -1.1139117554766973,
    "bluff_probability_flop": 1.0663314924038234,
    "bluff_probability_turn": 1.0383001684599986,
    "bluff_probability_river": 1.1426798313325655,
    "tightness_vs_looseness": 0.7834549726884175,
    "dynamic_vs_static": 1.1098640520546152,
    "bet_size_variability": -1.6911555994968115
}