{
    "aggressiveness_preflop": -1.6146550790442342,
    "aggressiveness_flop": 3.6458671162142164,
    "aggressiveness_turn": 0.6542151664810747,
    "aggressiveness_river": 3.3172159035955744,
    "bluff_probability_preflop": 1.4730038521258022,
    "bluff_probability_flop": -0.851372507669768,
    "bluff_probability_turn": 5.828731207861435,
    "bluff_probability_river": 0.969898213097623,
    "tightness_vs_looseness": 0.14816399324441942,
    "dynamic_vs_static": 2.7898469420697483,
    "bet_size_variability": -0.27976758271930424
}